{"library":[{"objects":[{"template":{"data":["-0.28070354*w","0.44968313*h","-0.48408383*w","0.050715487*h","-0.5*w","0.019495523*h","-0.5*w","-0.018969042*h","-0.48408383*w","-0.050189007*h","-0.28070354*w","-0.44915658*h","-0.26484558*w","-0.4804798*h","-0.23541759*w","-0.49982008*h","-0.20353527*w","-0.49987206*h","0.20322533*w","-0.49987206*h","0.23517032*w","-0.5*h","0.26473117*w","-0.48075056*h","0.28070354*w","-0.44941983*h","0.48408383*w","-0.050452225*h","0.50000006*w","-0.01923226*h","0.50000006*w","0.019232303*h","0.48408383*w","0.05045227*h","0.28070354*w","0.44941986*h","0.26473117*w","0.4807506*h","0.23517032*w","0.5*h","0.20322533*w","0.4998721*h","-0.20353527*w","0.4998721*h","-0.23532169*w","0.49992874*h","-0.2647274*w","0.4808037*h","-0.28070354*w","0.44968313*h"],"name":"Blue-Hexagon","id":"avabodh.GCP.Extras.blue-hexagon","draw":[{"path":" M 0 1 L 2 3 C 4 5 6 7 8 9 L 10 11 C 12 13 14 15 16 17 L 18 19 C 20 21 22 23 24 25 L 26 27 C 28 29 30 31 32 33 L 34 35 C 36 37 38 39 40 41 L 42 43 C 44 45 46 47 48 49 Z","style":{"fillpaint":{"color":-12286477,"type":2},"strokepaint":{"color":0,"type":1}}}]},"params":{"width":129.07,"height":113.97}},{"template":{"data":["-0.4840625*w","0.050439347*h","-0.5*w","0.019244276*h","-0.5*w","-0.019332169*h","-0.4840625*w","-0.05061513*h","-0.28070313*w","-0.44956064*h","-0.26484376*w","-0.48066783*h","-0.23539063*w","-0.5*h","-0.20351562*w","-0.5*h","0.20351565*w","-0.5*h","0.2353906*w","-0.5*h","0.26468748*w","-0.48066783*h","0.28070313*w","-0.44947276*h","0.4840625*w","-0.05052724*h","0.5*w","-0.019332169*h","0.5*w","0.019244276*h","0.4840625*w","0.05052724*h","0.28070313*w","0.44947276*h","0.26476562*w","0.4805799*h","0.2353906*w","0.4999121*h","0.20351565*w","0.4999121*h","-0.20351562*w","0.4999121*h","-0.23539063*w","0.4999121*h","-0.26476562*w","0.4805799*h","-0.28070313*w","0.44929698*h","0.14937502*w","0.5*h","-0.119531244*w","0.20175746*h","-0.20742187*w","-0.035149384*h","-0.107031256*w","-0.21528998*h","-0.05679688*w","-0.20140599*h","0.006015599*w","-0.21528998*h","0.11890626*w","-0.22934975*h","0.43937498*w","0.13813709*h","0.28078127*w","0.44938487*h","0.26476562*w","0.4805799*h","0.23546875*w","0.4999121*h","0.2034375*w","0.4999121*h","0.047656238*w","-0.010017603*h","0.047656238*w","-0.038576476*h","0.026718736*w","-0.061511423*h","9.3752146E-4*w","-0.061511423*h","-0.025000006*w","-0.061511423*h","-0.04593751*w","-0.038664337*h","-0.04593751*w","-0.010017603*h","-0.04593751*w","0.018453414*h","-0.025000006*w","0.04147625*h","9.3752146E-4*w","0.04147625*h","0.026718736*w","0.04147625*h","0.04781252*w","0.018453414*h","0.04781252*w","-0.010017603*h","0.17265624*w","-0.13444643*h","0.13125002*w","-0.21353254*h","0.12367189*w","-0.22794378*h","0.10992187*w","-0.23602812*h","0.095703125*w","-0.23602812*h","-0.09375*w","-0.23602812*h","-0.10898438*w","-0.23602812*h","-0.12226564*w","-0.22688928*h","-0.12937501*w","-0.21344464*h","-0.18281251*w","-0.111599304*h","-0.1353125*w","-0.021089643*h","-0.0703125*w","-0.14569421*h","0.15492189*w","-0.14569421*h","0.16195315*w","-0.14569421*h","0.16898435*w","-0.14165205*h","0.17273438*w","-0.13444643*h","0.078125*w","-0.13444643*h","0.14328122*w","-0.010281213*h","0.071874976*w","0.125659*h","0.030468762*w","0.20448151*h","0.027031243*w","0.21115991*h","0.020312488*w","0.21572931*h","0.012812495*w","0.21572931*h","0.060156226*w","0.125659*h","-0.0703125*w","0.125659*h","-0.13570312*w","4.393606E-4*h","-0.14117187*w","-0.010105461*h","-0.18273437*w","-0.08919158*h","-0.18609375*w","-0.09586994*h","-0.18632811*w","-0.10439368*h","-0.18273437*w","-0.111599304*h","-0.22414061*w","-0.032513186*h","-0.23171875*w","-0.018101946*h","-0.23117188*w","-8.787547E-4*h","-0.22414061*w","0.012565907*h","-0.12937501*w","0.19332162*h","-0.121796876*w","0.20782074*h","-0.108125*w","0.21590509*h","-0.09390625*w","0.21590509*h","0.012812495*w","0.21590509*h","0.013593733*w","0.21590509*h","0.014374971*w","0.21590509*h","0.015156269*w","0.21572931*h","0.09562498*w","0.21572931*h","0.110937476*w","0.21572931*h","0.12406248*w","0.20667835*h","0.13117188*w","0.19314583*h","0.22593749*w","0.012390156*h","0.23351562*w","-0.002021119*h","0.23296875*w","-0.01924431*h","0.22593749*w","-0.03277683*h"],"name":"Generic-GCP","id":"avabodh.GCP.Extras.generic-gcp","draw":[{"path":" M 0 1 C 2 3 4 5 6 7 L 8 9 C 10 11 12 13 14 15 L 16 17 C 18 19 20 21 22 23 L 24 25 C 26 27 28 29 30 31 L 32 33 C 34 35 36 37 38 39 L 40 41 C 42 43 44 45 46 47 Z","style":{"fillpaint":{"color":-12286477,"type":2},"strokepaint":{"color":0,"type":1}}},{"path":" M 48 49 L 50 51 L 52 53 L 54 55 L 56 57 L 58 59 L 60 61 L 62 63 L 64 65 C 66 67 68 69 70 71 Z","style":{"fillpaint":{"color":301989888,"type":2},"strokepaint":{"color":0,"type":1}}},{"path":" M 72 73 C 74 75 76 77 78 79 C 80 81 82 83 84 85 C 86 87 88 89 90 91 C 92 93 94 95 96 97 Z","style":{"fillpaint":{"color":-1,"type":2},"strokepaint":{"color":0,"type":1}}},{"path":" M 98 99 L 100 101 C 102 103 104 105 106 107 L 108 109 C 110 111 112 113 114 115 L 116 117 L 118 119 L 120 121 L 122 123 C 124 125 126 127 128 129 L 130 131 L 132 133 L 134 135 L 136 137 C 138 139 140 141 142 143 L 144 145 L 146 147 L 148 149 L 150 151 L 152 153 C 154 155 156 157 158 159 L 160 161 C 162 163 164 165 166 167 L 168 169 C 170 171 172 173 174 175 L 176 177 C 178 179 180 181 182 183 L 184 185 C 186 187 188 189 190 191 L 192 193 C 194 195 196 197 198 199 Z","style":{"fillpaint":{"color":-1,"type":2},"strokepaint":{"color":0,"type":1}}}]},"params":{"width":128.0,