{"library":[{"objects":[{"template":{"data":["0.26612908*w","0.077988364*h","0.2068915*w","0.07482993*h","0.15102644*w","0.07896016*h","0.21129033*w","0.24757047*h","0.26612908*w","0.077988364*h","0.5*w","-0.17577745*h","0.0*w","-0.12427113*h","-0.5*w","-0.17577745*h","0.0*w","-0.5*h","0.5*w","-0.17577745*h","0.3152493*w","0.29555392*h","0.0*w","0.23432946*h","-0.31524926*w","0.29555392*h","0.0*w","0.5*h","0.3152493*w","0.29555392*h","0.5*w","-0.17577745*h","0.0*w","-0.3000486*h","0.0*w","-0.5*h","0.5*w","-0.29288146*h","0.5*w","-0.17577745*h","0.3152493*w","0.36941206*h","0.0*w","0.5*h","0.0*w","0.40002427*h","0.3152493*w","0.29555392*h","0.3152493*w","0.36941206*h","0.0*w","0.5*h","-0.31524926*w","0.36941206*h","-0.31524926*w","0.29555392*h","0.0*w","0.40002427*h","0.0*w","0.5*h","-0.5*w","-0.17577745*h","0.0*w","-0.3000486*h","0.0*w","-0.5*h","-0.5*w","-0.29288146*h","-0.5*w","-0.17577745*h","0.26612908*w","0.23384354*h","0.21129033*w","0.24757047*h","0.21129033*w","0.082483*h","0.26612908*w","0.077988364*h","0.26612908*w","0.23384354*h","-0.07976538*w","0.28024787*h","0.0*w","0.3000486*h","0.07976543*w","0.28024787*h","0.07976543*w","-0.09341592*h","0.0*w","-0.0999757*h","-0.07976538*w","-0.09341592*h","-0.07976538*w","0.28024787*h","0.07976543*w","0.28024787*h","0.0*w","0.3000486*h","0.0*w","-0.0999757*h","0.07976543*w","-0.09341592*h","0.07976543*w","0.28024787*h","-0.2112903*w","0.082483*h","-0.26612902*w","0.077988364*h","-0.26612902*w","-0.07798832*h","-0.2112903*w","-0.082483*h","-0.14956011*w","-0.07896016*h","-0.14956011*w","0.07896016*h","-0.2112903*w","0.082483*h","0.15102644*w","0.23700193*h","0.21129033*w","0.24757047*h","0.21129033*w","0.082483*h","0.15102644*w","0.07896016*h","0.15102644*w","0.23700193*h","-0.14956011*w","0.07896016*h","-0.2112903*w","0.082483*h","-0.2112903*w","-0.082483*h","-0.14956011*w","-0.07896016*h","-0.14956011*w","0.07896016*h"],"name":"App Stream2","id":"avabodh.AWS_Simple_Icons_EPS-SVG_v17.1.6.Desktop App Streaming.desktopappstreaming_amazonappstream2","draw":[{"path":" M 0 1 L 2 3 L 4 5 L 6 7 L 8 9 Z","style":{"fillpaint":{"color":-338031,"type":2},"strokepaint":{"color":0,"type":1}}},{"path":" M 10 11 L 12 13 L 14 15 L 16 17 L 18 19 Z","style":{"fillpaint":{"color":-10335714,"type":2},"strokepaint":{"color":0,"type":1}}},{"path":" M 20 21 L 22 23 L 24 25 L 26 27 L 28 29 Z","style":{"fillpaint":{"color":-338031,"type":2},"strokepaint":{"color":0,"type":1}}},{"path":" M 30 31 L 32 33 L 34 35 L 36 37 L 38 39 Z","style":{"fillpaint":{"color":-2513087,"type":2},"strokepaint":{"color":0,"type":1}}},{"path":" M 40 41 L 42 43 L 44 45 L 46 47 L 48 49 Z","style":{"fillpaint":{"color":-2513087,"type":2},"strokepaint":{"color":0,"type":1}}},{"path":" M 50 51 L 52 53 L 54 55 L 56 57 L 58 59 Z","style":{"fillpaint":{"color":-7902935,"type":2},"strokepaint":{"color":0,"type":1}}},{"path":" M 60 61 L 62 63 L 64 65 L 66 67 L 68 69 Z","style":{"fillpaint":{"color":-7902935,"type":2},"strokepaint":{"color":0,"type":1}}},{"path":" M 70 71 L 72 73 L 74 75 L 76 77 L 78 79 Z","style":{"fillpaint":{"color":-2513087,"type":2},"strokepaint":{"color":0,"type":1}}},{"path":" M 80 81 L 82 83 L 84 85 L 86 87 L 88 89 L 90 91 L 92 93 Z","style":{"fillpaint":{"color":-7902935,"type":2},"strokepaint":{"color":0,"type":1}}},{"path":" M 94 95 L 96 97 L 98 99 L 100 101 L 102 103 Z","style":{"fillpaint":{"color":-2513087,"type":2},"strokepaint":{"color":0,"type":1}}},{"path":" M 104 105 L 106 107 L 108 109 L 110 111 L 112 113 L 114 115 L 116 117 Z","style":{"fillpaint":{"color":-7902935,"type":2},"strokepaint":{"color":0,"type":1}}},{"path":" M 118 119 L 120 121 L 122 123 L 124 125 L 126 127 Z","style":{"fillpaint":{"color":-7902935,"type":2},"strokepaint":{"color":0,"type":1}}},{"path":" M 128 129 L 130 131 L 132 133 L 134 135 L 136 137 Z","style":{"fillpaint":{"color":-2513087,"type":2},"strokepaint":{"color":0,"type":1}}}]},"params":{"width":68.2,"height":82.32}},{"template":{"data":["-0.5*w","-0.25058824*h","0.0*w","-0.5*h","0.5*w","-0.25058824*h","0.5*w","0.24941178*h","0.0*w","0.5*h","-0.5*w","0.24941178*h","-0.5*w","-0.25058824*h","-0.17027028*w","-0.23058824*h","-0.17027028*w","-0.11411766*h","-0.32162163*w","-0.11411766*h","-0.32843125*w","-0.11411766*h","-0.33496195*w","-0.1117626*h","-0.33977708*w","-0.1075706*h","-0.34459218*w","-0.10337861*h","-0.34729728*w","-0.09769305*h","-0.34729728*w","-0.091764696*h","-0.34729728*w","-0.091764696*h","-0.34729728*w","0.21764706*h","-0.34729728*w","0.21764706*h","-0.34729728*w","0.22357541*h","-0.34459218*w","0.22926097*h","-0.33977708*w","0.23345296*h","-0.33496195*w","0.23764496*h","-0.32843125*w","0.24000002*h","-0.32162163*w","0.24000002*h","-0.06486485*w","0.24000002*h","-0.050684594*w","0.24000002*h","-0.03918921*w","0.22999223*h","-0.03918921*w","0.21764706*h","-0.03918921*w","0.21764706*h","-0.03918921*w","0.1847059*h","0.2635135*w","0.1847059*h","0.2635135*w","0.16117647*h","0.2635135*w","0.14588237*h","0.20135137*w","0.13294117*h","0.11756758*w","0.12941177*h","0.11756758*w","0.09411765*h","0.33513513*w","0.09411765*h","0.33513513*w","-0.23058824*h","-0.19324324*w","0.22941177*h","-0.20198837*w","0.22941177*h","-0.2098724*w","0.22482556*h","-0.21321902*w","0.2177917*h","-0.21656565*w","0.2107578*h","-0.21471581*w","0.20266148*h","-0.20853205*w","0.19727801*h","-0.20234829*w","0.19189449*h","-0.19304845*w","0.19028406*h","-0.184969*w","0.1931976*h","-0.17688955*w","0.19611107*h","-0.17162164*w","0.20297484*h","-0.17162164*w","0.21058825*h","-0.1715483*w","0.21559986*h","-0.1738027*w","0.22042488*h","-0.17787357*w","0.22396891*h","-0.18194441*w","0.22751294*h","-0.18748665*w","0.22947563*h","-0.19324324*w","0.22941177*h","-0.09054055*w","0.18117648*h","-0.2945946*w","0.18117648*h","-0.2945946*w","-0.068235286*h","-0.09054055*w","-0.068235286*h","0.045945965*w","0.12941177*h","0.0174293*w","0.13025773*h","-0.0110017415*w","0.13261503*h","-0.03918921*w","0.13647057*h","-0.03918921*w","0.092941195*h","0.045945965*w","0.092941195*h","0.2837838*w","0.048235275*h","-0.037837826*w","0.048235275*h","-0.037837826*w","-0.091764696*h","-0.037837826*w","-0.091764696*h","-0.037837826*w","-0.09769305*h","-0.04054291*w","-0.10337865*h","-0.04535804*w","-0.10757065*h","-0.050173167*w","-0.11176264*h","-0.05670393*w","-0.11411766*h","-0.063513525*w","-0.11411766*h","-0.11621622*w","-0.11411766*h","-0.11621622*w","-0.18352942*h","0.28513512*w","-0.18352942*h","0.28513512*w","0.048235275*h"],"name":"Work Spaces","id":"avabodh.AWS_Simple_Icons_EPS-SVG_v17.1.6.Desktop App Streaming.desktopappstreaming_amazonworkspaces","draw":[{"path":" M 0 1 L 2 3 L 4 5 L 6 7 L 8 9 L 10 11 L 12 13 Z","style":{"fillpaint":{"color":-1870033,"type":2},"strokepaint":{"color":0,"type":1}}},{"path":" M 14 15 L 16 17 L 18 19 C 20 21 22 23 24 25 C 26 27 28 29 30 31 L 32 33 L 34 35 L 36 37 C 38 39 40 41 42 43 C 44 45 46 47 48 49 L 50 51 C 52 53 54 55 56 57 L 58 59 L 60 61 L 62 63 L 64 65 C 66 67 68 69 70 71 L 72 73 L 74 75 L 76 77 Z M 78 79 C 80 81 82 83 84 85 C 86 87 88 89 90 91 C 92 93 94 95 96 97 C 98 99 100 101 102 103 C 104 105 106 107 108 109 C 110 111 112 113 114 115 Z M 116 117 L 118 119 L 120 121 L 122 123 Z M 124 125 C 126 127 128 129 130 131 L 132 133 L 134 135 Z M 136 137 L 138 139 L 140 141 L 142 143 C 144 145 146 147 148 149 C 150 151 152 153 154 155 L 156 157 L 158 159 L 160 161 L 162 163 Z","style":{"fillpaint":{"color":-1,"type":2},"strokepaint":{"color":0,"type":1}}}]},"params":{"width":74.0,"height":85.0}}],"name":"AWS Desktop & Streaming","id":"avabodh.AWS_Simple_Icons_EPS-SVG_v17.1.6.Desktop App Streaming","category":"AWS","group":"Network"}]}